first_name,last_name,title,release_year,category_id,Full_Name
penelope,guiness,Academy dinosaur,2006,6,penelope guiness
penelope,guiness,Anaconda confessions,2006,2,penelope guiness
penelope,guiness,Angels life,2006,13,penelope guiness
penelope,guiness,Bulworth commandments,2006,10,penelope guiness
penelope,guiness,Cheaper clyde,2006,14,penelope guiness
penelope,guiness,Color philadelphia,2006,4,penelope guiness
penelope,guiness,Elephant trojan,2006,11,penelope guiness
penelope,guiness,Gleaming jawbreaker,2006,15,penelope guiness
penelope,guiness,Human graffiti,2006,10,penelope guiness
penelope,guiness,King evolution,2006,8,penelope guiness
penelope,guiness,Lady stage,2006,11,penelope guiness
penelope,guiness,Language cowboy,2006,3,penelope guiness
penelope,guiness,Mulholland beast,2006,9,penelope guiness
penelope,guiness,Oklahoma jumanji,2006,13,penelope guiness
penelope,guiness,Rules human,2006,11,penelope guiness
penelope,guiness,Splash gump,2006,8,penelope guiness
penelope,guiness,Vertigo northwest,2006,5,penelope guiness
penelope,guiness,Westward seabiscuit,2006,4,penelope guiness
penelope,guiness,Wizard coldblooded,2006,12,penelope guiness
nick,wahlberg,Adaptation holes,2006,6,nick wahlberg
nick,wahlberg,Apache divine,2006,8,nick wahlberg
nick,wahlberg,Baby hall,2006,9,nick wahlberg
nick,wahlberg,Bull shawshank,2006,1,nick wahlberg
nick,wahlberg,Chainsaw uptown,2006,14,nick wahlberg
nick,wahlberg,Chisum behavior,2006,8,nick wahlberg
nick,wahlberg,Destiny saturday,2006,13,nick wahlberg
nick,wahlberg,Dracula crystal,2006,4,nick wahlberg
nick,wahlberg,Fight jawbreaker,2006,2,nick wahlberg
nick,wahlberg,Flash wars,2006,13,nick wahlberg
nick,wahlberg,Gilbert pelican,2006,4,nick wahlberg
nick,wahlberg,Goodfellas salute,2006,14,nick wahlberg
nick,wahlberg,Happiness united,2006,9,nick wahlberg
nick,wahlberg,Indian love,2006,8,nick wahlberg
nick,wahlberg,Jekyll frogmen,2006,13,nick wahlberg
nick,wahlberg,Jersey sassy,2006,3,nick wahlberg
nick,wahlberg,Liaisons sweet,2006,16,nick wahlberg
nick,wahlberg,Lucky flying,2006,12,nick wahlberg
nick,wahlberg,Maguire apache,2006,8,nick wahlberg
nick,wahlberg,Mallrats united,2006,5,nick wahlberg
nick,wahlberg,Mask peach,2006,13,nick wahlberg
nick,wahlberg,Roof champion,2006,10,nick wahlberg
nick,wahlberg,Rushmore mermaid,2006,5,nick wahlberg
nick,wahlberg,Smile earring,2006,16,nick wahlberg
nick,wahlberg,Wardrobe phantom,2006,7,nick wahlberg
ed,chase,Alone trip,2006,12,ed chase
ed,chase,Army flintstones,2006,6,ed chase
ed,chase,Artist coldblooded,2006,15,ed chase
ed,chase,Boondock ballroom,2006,16,ed chase
ed,chase,Caddyshack jedi,2006,1,ed chase
ed,chase,Cowboy doom,2006,9,ed chase
ed,chase,Eve resurrection,2006,13,ed chase
ed,chase,Forrest sons,2006,1,ed chase
ed,chase,French holiday,2006,6,ed chase
ed,chase,Frost head,2006,4,ed chase
ed,chase,Halloween nuts,2006,6,ed chase
ed,chase,Hunter alter,2006,6,ed chase
ed,chase,Image princess,2006,15,ed chase
ed,chase,Jeepers wedding,2006,4,ed chase
ed,chase,Luck opus,2006,7,ed chase
ed,chase,Necklace outbreak,2006,7,ed chase
ed,chase,Platoon instinct,2006,13,ed chase
ed,chase,Spice sorority,2006,7,ed chase
ed,chase,Wedding apollo,2006,6,ed chase
ed,chase,Weekend personal,2006,14,ed chase
ed,chase,Whale bikini,2006,9,ed chase
ed,chase,Young language,2006,6,ed chase
jennifer,davis,Anaconda confessions,2006,2,jennifer davis
jennifer,davis,Angels life,2006,13,jennifer davis
jennifer,davis,Barefoot manchurian,2006,1,jennifer davis
jennifer,davis,Bed highball,2006,6,jennifer davis
jennifer,davis,Blade polish,2006,7,jennifer davis
jennifer,davis,Boondock ballroom,2006,16,jennifer davis
jennifer,davis,Ghostbusters elf,2006,2,jennifer davis
jennifer,davis,Greedy roots,2006,7,jennifer davis
jennifer,davis,Hanover galaxy,2006,12,jennifer davis
jennifer,davis,Instinct airport,2006,15,jennifer davis
jennifer,davis,Jumanji blade,2006,13,jennifer davis
jennifer,davis,National story,2006,6,jennifer davis
jennifer,davis,Oklahoma jumanji,2006,13,jennifer davis
jennifer,davis,Poseidon forever,2006,15,jennifer davis
jennifer,davis,Raiders antitrust,2006,6,jennifer davis
jennifer,davis,Random go,2006,14,jennifer davis
jennifer,davis,Reds pocus,2006,12,jennifer davis
jennifer,davis,Silverado goldfinger,2006,14,jennifer davis
jennifer,davis,Splash gump,2006,8,jennifer davis
jennifer,davis,Submarine bed,2006,5,jennifer davis
jennifer,davis,Treasure command,2006,11,jennifer davis
jennifer,davis,Unforgiven zoolander,2006,14,jennifer davis
johnny,lollobrigida,Amadeus holy,2006,1,johnny lollobrigida
johnny,lollobrigida,Banger pinocchio,2006,12,johnny lollobrigida
johnny,lollobrigida,Bonnie holocaust,2006,6,johnny lollobrigida
johnny,lollobrigida,Chitty lock,2006,7,johnny lollobrigida
johnny,lollobrigida,Commandments express,2006,11,johnny lollobrigida
johnny,lollobrigida,Coneheads smoochy,2006,7,johnny lollobrigida
johnny,lollobrigida,Daddy pittsburgh,2006,5,johnny lollobrigida
johnny,lollobrigida,Daisy menagerie,2006,14,johnny lollobrigida
johnny,lollobrigida,Enough raging,2006,16,johnny lollobrigida
johnny,lollobrigida,Escape metropolis,2006,16,johnny lollobrigida
johnny,lollobrigida,Fire wolves,2006,10,johnny lollobrigida
johnny,lollobrigida,Frontier cabin,2006,13,johnny lollobrigida
johnny,lollobrigida,Goodfellas salute,2006,14,johnny lollobrigida
johnny,lollobrigida,Grail frankenstein,2006,1,johnny lollobrigida
johnny,lollobrigida,Groove fiction,2006,15,johnny lollobrigida
johnny,lollobrigida,Hall cassidy,2006,3,johnny lollobrigida
johnny,lollobrigida,Heavenly gun,2006,12,johnny lollobrigida
johnny,lollobrigida,Kramer chocolate,2006,15,johnny lollobrigida
johnny,lollobrigida,Love suicides,2006,11,johnny lollobrigida
johnny,lollobrigida,Metal armageddon,2006,6,johnny lollobrigida
johnny,lollobrigida,Pacific amistad,2006,6,johnny lollobrigida
johnny,lollobrigida,Patton interview,2006,11,johnny lollobrigida
johnny,lollobrigida,Pocus pulp,2006,6,johnny lollobrigida
johnny,lollobrigida,Ridgemont submarine,2006,13,johnny lollobrigida
johnny,lollobrigida,Rings heartbreakers,2006,1,johnny lollobrigida
johnny,lollobrigida,Smile earring,2006,16,johnny lollobrigida
johnny,lollobrigida,Soldiers evolution,2006,14,johnny lollobrigida
johnny,lollobrigida,Star operation,2006,15,johnny lollobrigida
johnny,lollobrigida,Sunrise league,2006,2,johnny lollobrigida
bette,nicholson,Antitrust tomatoes,2006,1,bette nicholson
bette,nicholson,Bang kwai,2006,8,bette nicholson
bette,nicholson,Beast hunchback,2006,4,bette nicholson
bette,nicholson,Bikini borrowers,2006,2,bette nicholson
bette,nicholson,Calendar gunfight,2006,9,bette nicholson
bette,nicholson,Coast rainbow,2006,6,bette nicholson
bette,nicholson,Coldblooded darling,2006,14,bette nicholson
bette,nicholson,Crossroads casualties,2006,2,bette nicholson
bette,nicholson,Drop waterfront,2006,15,bette nicholson
bette,nicholson,Igby maker,2006,16,bette nicholson
bette,nicholson,Kramer chocolate,2006,15,bette nicholson
bette,nicholson,Language cowboy,2006,3,bette nicholson
bette,nicholson,Lesson cleopatra,2006,15,bette nicholson
bette,nicholson,Liberty magnificent,2006,15,bette nicholson
bette,nicholson,Mulholland beast,2006,9,bette nicholson
bette,nicholson,Potluck mixed,2006,2,bette nicholson
bette,nicholson,Speed suit,2006,16,bette nicholson
bette,nicholson,Titanic boondock,2006,2,bette nicholson
bette,nicholson,Trading pinocchio,2006,15,bette nicholson
bette,nicholson,Wyoming storm,2006,13,bette nicholson
grace,mostel,Angels life,2006,13,grace mostel
grace,mostel,Anonymous human,2006,15,grace mostel
grace,mostel,Arachnophobia rollercoaster,2006,11,grace mostel
grace,mostel,Berets agent,2006,1,grace mostel
grace,mostel,Breaking home,2006,13,grace mostel
grace,mostel,Command darling,2006,9,grace mostel
grace,mostel,Confessions maguire,2006,7,grace mostel
grace,mostel,Dazed punk,2006,10,grace mostel
grace,mostel,Deceiver betrayed,2006,7,grace mostel
grace,mostel,Destination jerk,2006,7,grace mostel
grace,mostel,Excitement eve,2006,1,grace mostel
grace,mostel,Gaslight crusade,2006,11,grace mostel
grace,mostel,Hellfighters sierra,2006,9,grace mostel
grace,mostel,Instinct airport,2006,15,grace mostel
grace,mostel,Malkovich pet,2006,4,grace mostel
grace,mostel,Necklace outbreak,2006,7,grace mostel
grace,mostel,October submarine,2006,4,grace mostel
grace,mostel,Open african,2006,14,grace mostel
grace,mostel,Poseidon forever,2006,15,grace mostel
grace,mostel,Saints bride,2006,7,grace mostel
grace,mostel,Savannah town,2006,7,grace mostel
grace,mostel,Scissorhands slums,2006,9,grace mostel
grace,mostel,Sleepless monsoon,2006,2,grace mostel
grace,mostel,Sleepy japanese,2006,13,grace mostel
grace,mostel,Sting personal,2006,13,grace mostel
grace,mostel,Town ark,2006,9,grace mostel
grace,mostel,Tracy cider,2006,2,grace mostel
grace,mostel,Treatment jekyll,2006,7,grace mostel
grace,mostel,War notting,2006,9,grace mostel
grace,mostel,Warlock werewolf,2006,3,grace mostel
matthew,johansson,Baby hall,2006,9,matthew johansson
matthew,johansson,Campus remember,2006,1,matthew johansson
matthew,johansson,Clones pinocchio,2006,12,matthew johansson
matthew,johansson,Conquerer nuts,2006,7,matthew johansson
matthew,johansson,Crowds telemark,2006,14,matthew johansson
matthew,johansson,Dances none,2006,1,matthew johansson
matthew,johansson,Driving polish,2006,12,matthew johansson
matthew,johansson,Durham panky,2006,15,matthew johansson
matthew,johansson,Flash wars,2006,13,matthew johansson
matthew,johansson,Hanging deep,2006,7,matthew johansson
matthew,johansson,Indian love,2006,8,matthew johansson
matthew,johansson,Lights deer,2006,4,matthew johansson
matthew,johansson,Loser hustler,2006,15,matthew johansson
matthew,johansson,Malkovich pet,2006,4,matthew johansson
matthew,johansson,Runner madigan,2006,12,matthew johansson
matthew,johansson,School jacket,2006,9,matthew johansson
matthew,johansson,Scorpion apollo,2006,7,matthew johansson
matthew,johansson,Sugar wonka,2006,2,matthew johansson
matthew,johansson,Tomorrow hustler,2006,4,matthew johansson
matthew,johansson,Vanishing rocky,2006,12,matthew johansson
joe,swank,Anything savannah,2006,11,joe swank
joe,swank,Birch antitrust,2006,12,joe swank
joe,swank,Chocolat harry,2006,8,joe swank
joe,swank,Chocolate duck,2006,9,joe swank
joe,swank,Crooked frogmen,2006,3,joe swank
joe,swank,Curtain videotape,2006,10,joe swank
joe,swank,Dalmations sweden,2006,7,joe swank
joe,swank,Horror reign,2006,16,joe swank
joe,swank,Lawless vision,2006,2,joe swank
joe,swank,Lebowski soldiers,2006,7,joe swank
joe,swank,Majestic floats,2006,6,joe swank
joe,swank,Pacific amistad,2006,6,joe swank
joe,swank,Perdition fargo,2006,15,joe swank
joe,swank,Primary glass,2006,1,joe swank
joe,swank,Reef salute,2006,11,joe swank
joe,swank,Runner madigan,2006,12,joe swank
joe,swank,Smile earring,2006,16,joe swank
joe,swank,Snatchers montezuma,2006,4,joe swank
joe,swank,Sunrise league,2006,2,joe swank
joe,swank,Sweethearts suspects,2006,3,joe swank
joe,swank,Ties hunger,2006,3,joe swank
joe,swank,Traffic hobbit,2006,16,joe swank
joe,swank,Untouchables sunrise,2006,6,joe swank
joe,swank,Waterfront deliverance,2006,1,joe swank
joe,swank,Wild apollo,2006,13,joe swank
christian,gable,Academy dinosaur,2006,6,christian gable
christian,gable,Alabama devil,2006,11,christian gable
christian,gable,Crooked frogmen,2006,3,christian gable
christian,gable,Divine resurrection,2006,10,christian gable
christian,gable,Dragonfly strangers,2006,13,christian gable
christian,gable,Goldfinger sensibility,2006,7,christian gable
christian,gable,Jawbreaker brooklyn,2006,12,christian gable
christian,gable,Jeepers wedding,2006,4,christian gable
christian,gable,Life twisted,2006,5,christian gable
christian,gable,Lord arizona,2006,1,christian gable
christian,gable,Mod secretary,2006,6,christian gable
christian,gable,Prejudice oleander,2006,4,christian gable
christian,gable,Punk divorce,2006,2,christian gable
christian,gable,Reap unfaithful,2006,11,christian gable
christian,gable,Shakespeare saddle,2006,15,christian gable
christian,gable,Trouble date,2006,16,christian gable
christian,gable,Usual untouchables,2006,9,christian gable
christian,gable,Vacation boondock,2006,14,christian gable
christian,gable,Waterfront deliverance,2006,1,christian gable
christian,gable,Wedding apollo,2006,6,christian gable
christian,gable,Wizard coldblooded,2006,12,christian gable
christian,gable,Won dares,2006,12,christian gable
zero,cage,Canyon stock,2006,2,zero cage
zero,cage,Dances none,2006,1,zero cage
zero,cage,Encino elf,2006,10,zero cage
zero,cage,Ending crowds,2006,13,zero cage
zero,cage,Gandhi kwai,2006,8,zero cage
zero,cage,Godfather diary,2006,13,zero cage
zero,cage,Handicap boondock,2006,1,zero cage
zero,cage,Honey ties,2006,15,zero cage
zero,cage,Horn working,2006,2,zero cage
zero,cage,Image princess,2006,15,zero cage
zero,cage,Jersey sassy,2006,3,zero cage
zero,cage,Loser hustler,2006,15,zero cage
zero,cage,Meet chocolate,2006,9,zero cage
zero,cage,Mod secretary,2006,6,zero cage
zero,cage,Moonwalker fool,2006,10,zero cage
zero,cage,Oleander clue,2006,12,zero cage
zero,cage,Racer egg,2006,7,zero cage
zero,cage,Story side,2006,1,zero cage
zero,cage,Strangers graffiti,2006,11,zero cage
zero,cage,Thin sagebrush,2006,6,zero cage
zero,cage,Tootsie pilot,2006,3,zero cage
zero,cage,Uptown young,2006,3,zero cage
zero,cage,Velvet terminator,2006,5,zero cage
zero,cage,West lion,2006,7,zero cage
zero,cage,Worker tarzan,2006,16,zero cage
karl,berry,Alley evolution,2006,9,karl berry
karl,berry,Alone trip,2006,12,karl berry
karl,berry,Arabia dogma,2006,11,karl berry
karl,berry,Arizona bang,2006,4,karl berry
karl,berry,Bound cheaper,2006,4,karl berry
karl,berry,Bowfinger gables,2006,11,karl berry
karl,berry,Bunch minds,2006,7,karl berry
karl,berry,Cleopatra devil,2006,13,karl berry
karl,berry,Connecticut tramp,2006,14,karl berry
karl,berry,Dares pluto,2006,2,karl berry
karl,berry,Date speed,2006,8,karl berry
karl,berry,Day unfaithful,2006,13,karl berry
karl,berry,Doors president,2006,2,karl berry
karl,berry,Fury murder,2006,3,karl berry
karl,berry,Hardly robbers,2006,6,karl berry
karl,berry,Highball potter,2006,9,karl berry
karl,berry,Holes brannigan,2006,15,karl berry
karl,berry,Independence hotel,2006,6,karl berry
karl,berry,Leathernecks dwarfs,2006,16,karl berry
karl,berry,Lucky flying,2006,12,karl berry
karl,berry,Monterey labyrinth,2006,11,karl berry
karl,berry,Novocaine flight,2006,15,karl berry
karl,berry,Oklahoma jumanji,2006,13,karl berry
karl,berry,Perfect groove,2006,5,karl berry
karl,berry,Reap unfaithful,2006,11,karl berry
karl,berry,Reunion witches,2006,7,karl berry
karl,berry,Smoking barbarella,2006,6,karl berry
karl,berry,Stagecoach armageddon,2006,1,karl berry
karl,berry,Sweden shining,2006,5,karl berry
karl,berry,Telemark heartbreakers,2006,2,karl berry
karl,berry,Virginian pluto,2006,6,karl berry
uma,wood,Alone trip,2006,12,uma wood
uma,wood,Antitrust tomatoes,2006,1,uma wood
uma,wood,Attraction newton,2006,13,uma wood
uma,wood,Boondock ballroom,2006,16,uma wood
uma,wood,Cabin flash,2006,3,uma wood
uma,wood,Chinatown gladiator,2006,13,uma wood
uma,wood,Clash freddy,2006,2,uma wood
uma,wood,Clueless bucket,2006,1,uma wood
uma,wood,Daisy menagerie,2006,14,uma wood
uma,wood,Driver annie,2006,15,uma wood
uma,wood,Frida slipper,2006,9,uma wood
uma,wood,Galaxy sweethearts,2006,4,uma wood
uma,wood,Grinch massage,2006,10,uma wood
uma,wood,Groundhog uncut,2006,5,uma wood
uma,wood,Homeward cider,2006,6,uma wood
uma,wood,Inch jet,2006,2,uma wood
uma,wood,Leathernecks dwarfs,2006,16,uma wood
uma,wood,Legally secretary,2006,3,uma wood
uma,wood,Life twisted,2006,5,uma wood
uma,wood,Lion uncut,2006,5,uma wood
uma,wood,Lolita world,2006,8,uma wood
uma,wood,Metal armageddon,2006,6,uma wood
uma,wood,Model fish,2006,3,uma wood
uma,wood,Moonwalker fool,2006,10,uma wood
uma,wood,Motions details,2006,11,uma wood
uma,wood,Rebel airport,2006,12,uma wood
uma,wood,Rider caddyshack,2006,15,uma wood
uma,wood,Snowman rollercoaster,2006,2,uma wood
uma,wood,Soldiers evolution,2006,14,uma wood
uma,wood,Splash gump,2006,8,uma wood
uma,wood,Splendor patton,2006,3,uma wood
uma,wood,Steel santa,2006,4,uma wood
uma,wood,Torque bound,2006,7,uma wood
uma,wood,Wedding apollo,2006,6,uma wood
uma,wood,Zhivago core,2006,11,uma wood
vivien,bergen,Clash freddy,2006,2,vivien bergen
vivien,bergen,Cranes reservoir,2006,15,vivien bergen
vivien,bergen,Dirty ace,2006,10,vivien bergen
vivien,bergen,Donnie alley,2006,2,vivien bergen
vivien,bergen,Drifter commandments,2006,1,vivien bergen
vivien,bergen,Driving polish,2006,12,vivien bergen
vivien,bergen,Drums dynamite,2006,11,vivien bergen
vivien,bergen,Enemy odds,2006,12,vivien bergen
vivien,bergen,Excitement eve,2006,1,vivien bergen
vivien,bergen,Gorgeous bingo,2006,3,vivien bergen
vivien,bergen,High encino,2006,11,vivien bergen
vivien,bergen,Hills neighbors,2006,1,vivien bergen
vivien,bergen,Hobbit alien,2006,7,vivien bergen
vivien,bergen,Impact aladdin,2006,12,vivien bergen
vivien,bergen,Italian african,2006,16,vivien bergen
vivien,bergen,Japanese run,2006,11,vivien bergen
vivien,bergen,Kentuckian giant,2006,11,vivien bergen
vivien,bergen,Lovely jingle,2006,4,vivien bergen
vivien,bergen,Lover truman,2006,4,vivien bergen
vivien,bergen,Mussolini spoilers,2006,15,vivien bergen
vivien,bergen,Polish brooklyn,2006,3,vivien bergen
vivien,bergen,Salute apollo,2006,13,vivien bergen
vivien,bergen,Saturday lambs,2006,15,vivien bergen
vivien,bergen,Stock glass,2006,13,vivien bergen
vivien,bergen,Streetcar intentions,2006,11,vivien bergen
vivien,bergen,Tights dawn,2006,15,vivien bergen
vivien,bergen,Trap guys,2006,9,vivien bergen
vivien,bergen,Tycoon gathering,2006,10,vivien bergen
vivien,bergen,Voice peach,2006,13,vivien bergen
vivien,bergen,Westward seabiscuit,2006,4,vivien bergen
cuba,olivier,Apache divine,2006,8,cuba olivier
cuba,olivier,Borrowers bedazzled,2006,2,cuba olivier
cuba,olivier,Bound cheaper,2006,4,cuba olivier
cuba,olivier,Butch panther,2006,13,cuba olivier
cuba,olivier,Cassidy wyoming,2006,16,cuba olivier
cuba,olivier,Divine resurrection,2006,10,cuba olivier
cuba,olivier,Egypt tenenbaums,2006,11,cuba olivier
cuba,olivier,Empire malkovich,2006,3,cuba olivier
cuba,olivier,Flying hook,2006,2,cuba olivier
cuba,olivier,Fugitive maguire,2006,16,cuba olivier
cuba,olivier,Hellfighters sierra,2006,9,cuba olivier
cuba,olivier,Hyde doctor,2006,4,cuba olivier
cuba,olivier,Kiss glory,2006,9,cuba olivier
cuba,olivier,Knock warlock,2006,5,cuba olivier
cuba,olivier,Luke mummy,2006,2,cuba olivier
cuba,olivier,Maker gables,2006,3,cuba olivier
cuba,olivier,Montezuma command,2006,1,cuba olivier
cuba,olivier,Noon papi,2006,3,cuba olivier
cuba,olivier,Oklahoma jumanji,2006,13,cuba olivier
cuba,olivier,Roses treasure,2006,15,cuba olivier
cuba,olivier,Shane darkness,2006,16,cuba olivier
cuba,olivier,Siege madre,2006,8,cuba olivier
cuba,olivier,Soldiers evolution,2006,14,cuba olivier
cuba,olivier,Theory mermaid,2006,2,cuba olivier
cuba,olivier,Unforgiven zoolander,2006,14,cuba olivier
cuba,olivier,Volcano texas,2006,10,cuba olivier
cuba,olivier,Werewolf lola,2006,1,cuba olivier
cuba,olivier,Wonderland christmas,2006,14,cuba olivier
fred,costner,Blanket beverly,2006,8,fred costner
fred,costner,Boondock ballroom,2006,16,fred costner
fred,costner,Brotherhood blanket,2006,6,fred costner
fred,costner,Carol texas,2006,2,fred costner
fred,costner,Cleopatra devil,2006,13,fred costner
fred,costner,Connecticut tramp,2006,14,fred costner
fred,costner,Deceiver betrayed,2006,7,fred costner
fred,costner,Deliverance mulholland,2006,6,fred costner
fred,costner,Eagles panky,2006,13,fred costner
fred,costner,Earring instinct,2006,8,fred costner
fred,costner,Easy gladiator,2006,1,fred costner
fred,costner,Empire malkovich,2006,3,fred costner
fred,costner,Entrapment satisfaction,2006,1,fred costner
fred,costner,Gables metropolis,2006,8,fred costner
fred,costner,Human graffiti,2006,10,fred costner
fred,costner,Image princess,2006,15,fred costner
fred,costner,Impossible prejudice,2006,9,fred costner
fred,costner,Inch jet,2006,2,fred costner
fred,costner,Kramer chocolate,2006,15,fred costner
fred,costner,Magnificent chitty,2006,4,fred costner
fred,costner,Miracle virtual,2006,2,fred costner
fred,costner,Mission zoolander,2006,2,fred costner
fred,costner,Rear trading,2006,1,fred costner
fred,costner,Saints bride,2006,7,fred costner
fred,costner,Sense greek,2006,15,fred costner
fred,costner,Theory mermaid,2006,2,fred costner
fred,costner,Weekend personal,2006,14,fred costner
helen,voight,Breaking home,2006,13,helen voight
helen,voight,Caper motions,2006,5,helen voight
helen,voight,Casper dragonfly,2006,3,helen voight
helen,voight,Cat coneheads,2006,5,helen voight
helen,voight,Clash freddy,2006,2,helen voight
helen,voight,Cupboard sinners,2006,6,helen voight
helen,voight,Cyclone family,2006,9,helen voight
helen,voight,Divine resurrection,2006,10,helen voight
helen,voight,Empire malkovich,2006,3,helen voight
helen,voight,Fever empire,2006,10,helen voight
helen,voight,Fidelity devil,2006,11,helen voight
helen,voight,Greatest north,2006,12,helen voight
helen,voight,Independence hotel,2006,6,helen voight
helen,voight,Iron moon,2006,4,helen voight
helen,voight,Jaws harry,2006,5,helen voight
helen,voight,Kiss glory,2006,9,helen voight
helen,voight,Legally secretary,2006,3,helen voight
helen,voight,Lies treatment,2006,7,helen voight
helen,voight,Microcosmos paradise,2006,3,helen voight
helen,voight,Movie shakespeare,2006,8,helen voight
helen,voight,Mummy creatures,2006,15,helen voight
helen,voight,Road roxanne,2006,6,helen voight
helen,voight,Scissorhands slums,2006,9,helen voight
helen,voight,Side ark,2006,1,helen voight
helen,voight,Sinners atlantis,2006,11,helen voight
helen,voight,Stranger strangers,2006,3,helen voight
helen,voight,Sweethearts suspects,2006,3,helen voight
helen,voight,Tadpole park,2006,4,helen voight
helen,voight,Telemark heartbreakers,2006,2,helen voight
helen,voight,Voice peach,2006,13,helen voight
helen,voight,War notting,2006,9,helen voight
helen,voight,Warlock werewolf,2006,3,helen voight
dan,torn,Attacks hate,2006,14,dan torn
dan,torn,Boiled dares,2006,16,dan torn
dan,torn,Chinatown gladiator,2006,13,dan torn
dan,torn,Coneheads smoochy,2006,7,dan torn
dan,torn,Early home,2006,2,dan torn
dan,torn,Elizabeth shane,2006,15,dan torn
dan,torn,Empire malkovich,2006,3,dan torn
dan,torn,Flash wars,2006,13,dan torn
dan,torn,Gump date,2006,16,dan torn
dan,torn,Innocent usual,2006,9,dan torn
dan,torn,Insider arizona,2006,12,dan torn
dan,torn,Jerk paycheck,2006,4,dan torn
dan,torn,Lovely jingle,2006,4,dan torn
dan,torn,Mask peach,2006,13,dan torn
dan,torn,Mussolini spoilers,2006,15,dan torn
dan,torn,Rear trading,2006,1,dan torn
dan,torn,Sling luke,2006,4,dan torn
dan,torn,State wasteland,2006,10,dan torn
dan,torn,Sun confessions,2006,14,dan torn
dan,torn,Tequila past,2006,3,dan torn
dan,torn,Tuxedo mile,2006,15,dan torn
dan,torn,Virgin daisy,2006,7,dan torn
bob,fawcett,Ace goldfinger,2006,11,bob fawcett
bob,fawcett,Adaptation holes,2006,6,bob fawcett
bob,fawcett,Chinatown gladiator,2006,13,bob fawcett
bob,fawcett,Circus youth,2006,3,bob fawcett
bob,fawcett,Control anthem,2006,5,bob fawcett
bob,fawcett,Dares pluto,2006,2,bob fawcett
bob,fawcett,Darn forrester,2006,1,bob fawcett
bob,fawcett,Dazed punk,2006,10,bob fawcett
bob,fawcett,Dynamite tarzan,2006,4,bob fawcett
bob,fawcett,Hate handicap,2006,5,bob fawcett
bob,fawcett,Homicide peach,2006,8,bob fawcett
bob,fawcett,Jacket frisco,2006,7,bob fawcett
bob,fawcett,Jumanji blade,2006,13,bob fawcett
bob,fawcett,Lawless vision,2006,2,bob fawcett
bob,fawcett,Leathernecks dwarfs,2006,16,bob fawcett
bob,fawcett,Oscar gold,2006,2,bob fawcett
bob,fawcett,Pelican comforts,2006,6,bob fawcett
bob,fawcett,Personal ladybugs,2006,12,bob fawcett
bob,fawcett,Raging airplane,2006,14,bob fawcett
bob,fawcett,Run pacific,2006,13,bob fawcett
bob,fawcett,Runner madigan,2006,12,bob fawcett
bob,fawcett,Saddle antitrust,2006,5,bob fawcett
bob,fawcett,Scorpion apollo,2006,7,bob fawcett
bob,fawcett,Shawshank bubble,2006,16,bob fawcett
bob,fawcett,Taxi kick,2006,12,bob fawcett
lucille,tracy,Academy dinosaur,2006,6,lucille tracy
lucille,tracy,Banger pinocchio,2006,12,lucille tracy
lucille,tracy,Bedazzled married,2006,8,lucille tracy
lucille,tracy,Cheaper clyde,2006,14,lucille tracy
lucille,tracy,Chitty lock,2006,7,lucille tracy
lucille,tracy,Coldblooded darling,2006,14,lucille tracy
lucille,tracy,Dinosaur secretary,2006,8,lucille tracy
lucille,tracy,Doors president,2006,2,lucille tracy
lucille,tracy,Earring instinct,2006,8,lucille tracy
lucille,tracy,Egg igby,2006,6,lucille tracy
lucille,tracy,Gandhi kwai,2006,8,lucille tracy
lucille,tracy,Goldfinger sensibility,2006,7,lucille tracy
lucille,tracy,Hyde doctor,2006,4,lucille tracy
lucille,tracy,Jaws harry,2006,5,lucille tracy
lucille,tracy,Jungle closer,2006,13,lucille tracy
lucille,tracy,King evolution,2006,8,lucille tracy
lucille,tracy,Lola agent,2006,11,lucille tracy
lucille,tracy,Lose inch,2006,9,lucille tracy
lucille,tracy,Loverboy attacks,2006,13,lucille tracy
lucille,tracy,Modern dorado,2006,6,lucille tracy
lucille,tracy,Orient closer,2006,7,lucille tracy
lucille,tracy,Pajama jawbreaker,2006,4,lucille tracy
lucille,tracy,Patient sister,2006,4,lucille tracy
lucille,tracy,Random go,2006,14,lucille tracy
lucille,tracy,Rear trading,2006,1,lucille tracy
lucille,tracy,Sagebrush clueless,2006,6,lucille tracy
lucille,tracy,Shanghai tycoon,2006,16,lucille tracy
lucille,tracy,Sun confessions,2006,14,lucille tracy
lucille,tracy,Wasteland divine,2006,4,lucille tracy
lucille,tracy,Window side,2006,16,lucille tracy
kirsten,paltrow,Agent truman,2006,9,kirsten paltrow
kirsten,paltrow,Boondock ballroom,2006,16,kirsten paltrow
kirsten,paltrow,Born spinal,2006,16,kirsten paltrow
kirsten,paltrow,Chicken hellfighters,2006,6,kirsten paltrow
kirsten,paltrow,Closer bang,2006,5,kirsten paltrow
kirsten,paltrow,Conquerer nuts,2006,7,kirsten paltrow
kirsten,paltrow,Drifter commandments,2006,1,kirsten paltrow
kirsten,paltrow,Encino elf,2006,10,kirsten paltrow
kirsten,paltrow,Flash wars,2006,13,kirsten paltrow
kirsten,paltrow,Hanover galaxy,2006,12,kirsten paltrow
kirsten,paltrow,Home pity,2006,12,kirsten paltrow
kirsten,paltrow,Honey ties,2006,15,kirsten paltrow
kirsten,paltrow,Kill brotherhood,2006,6,kirsten paltrow
kirsten,paltrow,Ladybugs armageddon,2006,10,kirsten paltrow
kirsten,paltrow,Lord arizona,2006,1,kirsten paltrow
kirsten,paltrow,Pinocchio simon,2006,5,kirsten paltrow
kirsten,paltrow,Pluto oleander,2006,13,kirsten paltrow
kirsten,paltrow,Prix undefeated,2006,8,kirsten paltrow
kirsten,paltrow,Pulp beverly,2006,11,kirsten paltrow
kirsten,paltrow,River outlaw,2006,15,kirsten paltrow
kirsten,paltrow,Road roxanne,2006,6,kirsten paltrow
kirsten,paltrow,Silverado goldfinger,2006,14,kirsten paltrow
kirsten,paltrow,Sleeping suspects,2006,11,kirsten paltrow
kirsten,paltrow,Thief pelican,2006,2,kirsten paltrow
kirsten,paltrow,Titans jerk,2006,14,kirsten paltrow
kirsten,paltrow,Unbreakable karate,2006,13,kirsten paltrow
kirsten,paltrow,Won dares,2006,12,kirsten paltrow
elvis,marx,Alabama devil,2006,11,elvis marx
elvis,marx,Anaconda confessions,2006,2,elvis marx
elvis,marx,Barefoot manchurian,2006,1,elvis marx
elvis,marx,Borrowers bedazzled,2006,2,elvis marx
elvis,marx,Caddyshack jedi,2006,1,elvis marx
elvis,marx,Chitty lock,2006,7,elvis marx
elvis,marx,Evolution alter,2006,15,elvis marx
elvis,marx,Expecations natural,2006,16,elvis marx
elvis,marx,Gangs pride,2006,2,elvis marx
elvis,marx,Goodfellas salute,2006,14,elvis marx
elvis,marx,Hobbit alien,2006,7,elvis marx
elvis,marx,Hook chariots,2006,2,elvis marx
elvis,marx,Jericho mulan,2006,10,elvis marx
elvis,marx,Jumping wrath,2006,3,elvis marx
elvis,marx,Kentuckian giant,2006,11,elvis marx
elvis,marx,Lovely jingle,2006,4,elvis marx
elvis,marx,Motions details,2006,11,elvis marx
elvis,marx,Odds boogie,2006,8,elvis marx
elvis,marx,Outlaw hanky,2006,16,elvis marx
elvis,marx,Polish brooklyn,2006,3,elvis marx
elvis,marx,Right cranes,2006,4,elvis marx
elvis,marx,Roof champion,2006,10,elvis marx
elvis,marx,Seattle expecations,2006,7,elvis marx
elvis,marx,Sky miracle,2006,1,elvis marx
elvis,marx,Trojan tomorrow,2006,14,elvis marx
elvis,marx,Waterfront deliverance,2006,1,elvis marx
sandra,kilmer,Agent truman,2006,9,sandra kilmer
sandra,kilmer,Artist coldblooded,2006,15,sandra kilmer
sandra,kilmer,Blackout private,2006,2,sandra kilmer
sandra,kilmer,Bull shawshank,2006,1,sandra kilmer
sandra,kilmer,Candidate perdition,2006,4,sandra kilmer
sandra,kilmer,Candles grapes,2006,10,sandra kilmer
sandra,kilmer,Cassidy wyoming,2006,16,sandra kilmer
sandra,kilmer,Darn forrester,2006,1,sandra kilmer
sandra,kilmer,Destiny saturday,2006,13,sandra kilmer
sandra,kilmer,Divide monster,2006,14,sandra kilmer
sandra,kilmer,Driver annie,2006,15,sandra kilmer
sandra,kilmer,Goldmine tycoon,2006,14,sandra kilmer
sandra,kilmer,Gorgeous bingo,2006,3,sandra kilmer
sandra,kilmer,Hellfighters sierra,2006,9,sandra kilmer
sandra,kilmer,Hocus frida,2006,8,sandra kilmer
sandra,kilmer,Hotel happiness,2006,9,sandra kilmer
sandra,kilmer,Identity lover,2006,14,sandra kilmer
sandra,kilmer,Jumping wrath,2006,3,sandra kilmer
sandra,kilmer,Lovely jingle,2006,4,sandra kilmer
sandra,kilmer,Magnolia forrester,2006,1,sandra kilmer
sandra,kilmer,Oleander clue,2006,12,sandra kilmer
sandra,kilmer,Oz liaisons,2006,2,sandra kilmer
sandra,kilmer,Personal ladybugs,2006,12,sandra kilmer
sandra,kilmer,Poseidon forever,2006,15,sandra kilmer
sandra,kilmer,Savannah town,2006,7,sandra kilmer
sandra,kilmer,Shakespeare saddle,2006,15,sandra kilmer
sandra,kilmer,Sleeping suspects,2006,11,sandra kilmer
sandra,kilmer,Sons interview,2006,2,sandra kilmer
sandra,kilmer,Speed suit,2006,16,sandra kilmer
sandra,kilmer,Splendor patton,2006,3,sandra kilmer
sandra,kilmer,State wasteland,2006,10,sandra kilmer
sandra,kilmer,Stranger strangers,2006,3,sandra kilmer
sandra,kilmer,Streak ridgemont,2006,6,sandra kilmer
sandra,kilmer,Streetcar intentions,2006,11,sandra kilmer
sandra,kilmer,Vanished garden,2006,13,sandra kilmer
sandra,kilmer,Wolves desire,2006,16,sandra kilmer
sandra,kilmer,Youth kick,2006,12,sandra kilmer
cameron,streep,Adaptation holes,2006,6,cameron streep
cameron,streep,Blues instinct,2006,8,cameron streep
cameron,streep,Calendar gunfight,2006,9,cameron streep
cameron,streep,Casualties encino,2006,1,cameron streep
cameron,streep,Chocolate duck,2006,9,cameron streep
cameron,streep,Coast rainbow,2006,6,cameron streep
cameron,streep,Connection microcosmos,2006,5,cameron streep
cameron,streep,Crow grease,2006,1,cameron streep
cameron,streep,Cupboard sinners,2006,6,cameron streep
cameron,streep,Doom dancing,2006,5,cameron streep
cameron,streep,Drop waterfront,2006,15,cameron streep
cameron,streep,Elephant trojan,2006,11,cameron streep
cameron,streep,Freedom cleopatra,2006,5,cameron streep
cameron,streep,Haunted antitrust,2006,16,cameron streep
cameron,streep,Instinct airport,2006,15,cameron streep
cameron,streep,Legally secretary,2006,3,cameron streep
cameron,streep,Mob duffel,2006,7,cameron streep
cameron,streep,Movie shakespeare,2006,8,cameron streep
cameron,streep,Panic club,2006,11,cameron streep
cameron,streep,Pure runner,2006,5,cameron streep
cameron,streep,Seven swarm,2006,10,cameron streep
cameron,streep,Spinal rocky,2006,8,cameron streep
cameron,streep,Splash gump,2006,8,cameron streep
cameron,streep,West lion,2006,7,cameron streep
kevin,bloom,American circus,2006,1,kevin bloom
kevin,bloom,Boogie amelie,2006,12,kevin bloom
kevin,bloom,Citizen shrek,2006,14,kevin bloom
kevin,bloom,Conquerer nuts,2006,7,kevin bloom
kevin,bloom,Dalmations sweden,2006,7,kevin bloom
kevin,bloom,Date speed,2006,8,kevin bloom
kevin,bloom,Destiny saturday,2006,13,kevin bloom
kevin,bloom,Double wrath,2006,2,kevin bloom
kevin,bloom,Fiction christmas,2006,9,kevin bloom
kevin,bloom,Hate handicap,2006,5,kevin bloom
kevin,bloom,Heavenly gun,2006,12,kevin bloom
kevin,bloom,Holes brannigan,2006,15,kevin bloom
kevin,bloom,Loverboy attacks,2006,13,kevin bloom
kevin,bloom,Massage image,2006,2,kevin bloom
kevin,bloom,Mission zoolander,2006,2,kevin bloom
kevin,bloom,Mummy creatures,2006,15,kevin bloom
kevin,bloom,Polish brooklyn,2006,3,kevin bloom
kevin,bloom,Primary glass,2006,1,kevin bloom
kevin,bloom,Sabrina midnight,2006,3,kevin bloom
kevin,bloom,Sweden shining,2006,5,kevin bloom
kevin,bloom,Trouble date,2006,16,kevin bloom
rip,crawford,Alabama devil,2006,11,rip crawford
rip,crawford,American circus,2006,1,rip crawford
rip,crawford,Arabia dogma,2006,11,rip crawford
rip,crawford,Boulevard mob,2006,13,rip crawford
rip,crawford,Brannigan sunrise,2006,13,rip crawford
rip,crawford,Bucket brotherhood,2006,16,rip crawford
rip,crawford,Chocolat harry,2006,8,rip crawford
rip,crawford,Craft outfield,2006,7,rip crawford
rip,crawford,Cyclone family,2006,9,rip crawford
rip,crawford,Destination jerk,2006,7,rip crawford
rip,crawford,Donnie alley,2006,2,rip crawford
rip,crawford,Fool mockingbird,2006,1,rip crawford
rip,crawford,Forrest sons,2006,1,rip crawford
rip,crawford,Frontier cabin,2006,13,rip crawford
rip,crawford,Gables metropolis,2006,8,rip crawford
rip,crawford,Guys falcon,2006,14,rip crawford
rip,crawford,Hall cassidy,2006,3,rip crawford
rip,crawford,Lonely elephant,2006,5,rip crawford
rip,crawford,Madison trap,2006,6,rip crawford
rip,crawford,Massage image,2006,2,rip crawford
rip,crawford,Oklahoma jumanji,2006,13,rip crawford
rip,crawford,Oscar gold,2006,2,rip crawford
rip,crawford,Pittsburgh hunchback,2006,8,rip crawford
rip,crawford,Polish brooklyn,2006,3,rip crawford
rip,crawford,Range moonwalker,2006,8,rip crawford
rip,crawford,Rings heartbreakers,2006,1,rip crawford
rip,crawford,Saints bride,2006,7,rip crawford
rip,crawford,Saturday lambs,2006,15,rip crawford
rip,crawford,Siege madre,2006,8,rip crawford
rip,crawford,Sorority queen,2006,9,rip crawford
rip,crawford,Texas watch,2006,11,rip crawford
rip,crawford,Train bunch,2006,11,rip crawford
rip,crawford,Tramp others,2006,5,rip crawford
julia,mcqueen,Amadeus holy,2006,1,julia mcqueen
julia,mcqueen,Arabia dogma,2006,11,julia mcqueen
julia,mcqueen,Bonnie holocaust,2006,6,julia mcqueen
julia,mcqueen,Cider desire,2006,6,julia mcqueen
julia,mcqueen,Coneheads smoochy,2006,7,julia mcqueen
julia,mcqueen,Effect gladiator,2006,8,julia mcqueen
julia,mcqueen,Freddy storm,2006,11,julia mcqueen
julia,mcqueen,Games bowfinger,2006,16,julia mcqueen
julia,mcqueen,Gladiator westward,2006,8,julia mcqueen
julia,mcqueen,Hanover galaxy,2006,12,julia mcqueen
julia,mcqueen,High encino,2006,11,julia mcqueen
julia,mcqueen,Insider arizona,2006,12,julia mcqueen
julia,mcqueen,Jawbreaker brooklyn,2006,12,julia mcqueen
julia,mcqueen,Kiss glory,2006,9,julia mcqueen
julia,mcqueen,Kramer chocolate,2006,15,julia mcqueen
julia,mcqueen,Lucky flying,2006,12,julia mcqueen
julia,mcqueen,Mockingbird hollywood,2006,1,julia mcqueen
julia,mcqueen,Monterey labyrinth,2006,11,julia mcqueen
julia,mcqueen,Open african,2006,14,julia mcqueen
julia,mcqueen,Pilot hoosiers,2006,8,julia mcqueen
julia,mcqueen,Pittsburgh hunchback,2006,8,julia mcqueen
julia,mcqueen,President bang,2006,8,julia mcqueen
julia,mcqueen,Scorpion apollo,2006,7,julia mcqueen
julia,mcqueen,Sleepless monsoon,2006,2,julia mcqueen
julia,mcqueen,Spirit flintstones,2006,11,julia mcqueen
julia,mcqueen,Strangers graffiti,2006,11,julia mcqueen
julia,mcqueen,Sweethearts suspects,2006,3,julia mcqueen
julia,mcqueen,Telemark heartbreakers,2006,2,julia mcqueen
julia,mcqueen,Ties hunger,2006,3,julia mcqueen
julia,mcqueen,Train bunch,2006,11,julia mcqueen
julia,mcqueen,Weekend personal,2006,14,julia mcqueen
julia,mcqueen,Wonka sea,2006,2,julia mcqueen
julia,mcqueen,Young language,2006,6,julia mcqueen
woody,hoffman,Alice fantasia,2006,4,woody hoffman
woody,hoffman,Atlantis cause,2006,8,woody hoffman
woody,hoffman,Beach heartbreakers,2006,6,woody hoffman
woody,hoffman,Birch antitrust,2006,12,woody hoffman
woody,hoffman,Breaking home,2006,13,woody hoffman
woody,hoffman,Bunch minds,2006,7,woody hoffman
woody,hoffman,Duck racer,2006,2,woody hoffman
woody,hoffman,Durham panky,2006,15,woody hoffman
woody,hoffman,Entrapment satisfaction,2006,1,woody hoffman
woody,hoffman,Gilmore boiled,2006,4,woody hoffman
woody,hoffman,Knock warlock,2006,5,woody hoffman
woody,hoffman,Lambs cincinatti,2006,10,woody hoffman
woody,hoffman,Loser hustler,2006,15,woody hoffman
woody,hoffman,Maiden home,2006,13,woody hoffman
woody,hoffman,Midnight westward,2006,1,woody hoffman
woody,hoffman,Moonwalker fool,2006,10,woody hoffman
woody,hoffman,Neighbors charade,2006,15,woody hoffman
woody,hoffman,None spiking,2006,14,woody hoffman
woody,hoffman,Pajama jawbreaker,2006,4,woody hoffman
woody,hoffman,Pilot hoosiers,2006,8,woody hoffman
woody,hoffman,Room roman,2006,2,woody hoffman
woody,hoffman,Shootist superfly,2006,7,woody hoffman
woody,hoffman,Shrunk divine,2006,1,woody hoffman
woody,hoffman,Snowman rollercoaster,2006,2,woody hoffman
woody,hoffman,Spice sorority,2006,7,woody hoffman
woody,hoffman,Spy mile,2006,10,woody hoffman
woody,hoffman,Telegraph voyage,2006,12,woody hoffman
woody,hoffman,Trap guys,2006,9,woody hoffman
woody,hoffman,Wait cider,2006,2,woody hoffman
woody,hoffman,Wife turn,2006,6,woody hoffman
woody,hoffman,Wyoming storm,2006,13,woody hoffman
alec,wayne,Aladdin calendar,2006,15,alec wayne
alec,wayne,Blade polish,2006,7,alec wayne
alec,wayne,Bull shawshank,2006,1,alec wayne
alec,wayne,Cabin flash,2006,3,alec wayne
alec,wayne,Center dinosaur,2006,4,alec wayne
alec,wayne,Chamber italian,2006,12,alec wayne
alec,wayne,Coneheads smoochy,2006,7,alec wayne
alec,wayne,Destiny saturday,2006,13,alec wayne
alec,wayne,Effect gladiator,2006,8,alec wayne
alec,wayne,Encounters curtain,2006,7,alec wayne
alec,wayne,Express lonely,2006,14,alec wayne
alec,wayne,Fiction christmas,2006,9,alec wayne
alec,wayne,Freedom cleopatra,2006,5,alec wayne
alec,wayne,Fugitive maguire,2006,16,alec wayne
alec,wayne,Hours rage,2006,13,alec wayne
alec,wayne,Hustler party,2006,5,alec wayne
alec,wayne,Identity lover,2006,14,alec wayne
alec,wayne,Insider arizona,2006,12,alec wayne
alec,wayne,Jeopardy encino,2006,4,alec wayne
alec,wayne,Joon northwest,2006,15,alec wayne
alec,wayne,Liberty magnificent,2006,15,alec wayne
alec,wayne,Magic mallrats,2006,3,alec wayne
alec,wayne,Money harold,2006,13,alec wayne
alec,wayne,Outbreak divine,2006,10,alec wayne
alec,wayne,Reign gentlemen,2006,14,alec wayne
alec,wayne,Smoking barbarella,2006,6,alec wayne
alec,wayne,Summer scarface,2006,4,alec wayne
alec,wayne,Uptown young,2006,3,alec wayne
alec,wayne,Virgin daisy,2006,7,alec wayne
sandra,peck,Academy dinosaur,2006,6,sandra peck
sandra,peck,Bang kwai,2006,8,sandra peck
sandra,peck,Beethoven exorcist,2006,7,sandra peck
sandra,peck,Beverly outlaw,2006,14,sandra peck
sandra,peck,Birds perdition,2006,13,sandra peck
sandra,peck,Boondock ballroom,2006,16,sandra peck
sandra,peck,Dude blindness,2006,15,sandra peck
sandra,peck,Dumbo lust,2006,8,sandra peck
sandra,peck,Enough raging,2006,16,sandra peck
sandra,peck,Excitement eve,2006,1,sandra peck
sandra,peck,Family sweet,2006,11,sandra peck
sandra,peck,Firehouse vietnam,2006,1,sandra peck
sandra,peck,Flash wars,2006,13,sandra peck
sandra,peck,Gilbert pelican,2006,4,sandra peck
sandra,peck,Matrix snowman,2006,9,sandra peck
sandra,peck,Rings heartbreakers,2006,1,sandra peck
sandra,peck,Silence kane,2006,12,sandra peck
sandra,peck,Stagecoach armageddon,2006,1,sandra peck
sandra,peck,Virginian pluto,2006,6,sandra peck
sissy,sobieski,Born spinal,2006,16,sissy sobieski
sissy,sobieski,Chitty lock,2006,7,sissy sobieski
sissy,sobieski,Clyde theory,2006,13,sissy sobieski
sissy,sobieski,Coast rainbow,2006,6,sissy sobieski
sissy,sobieski,Crazy home,2006,5,sissy sobieski
sissy,sobieski,Factory dragon,2006,16,sissy sobieski
sissy,sobieski,Ferris mother,2006,5,sissy sobieski
sissy,sobieski,Gone trouble,2006,7,sissy sobieski
sissy,sobieski,Greek everyone,2006,9,sissy sobieski
sissy,sobieski,Hoosiers birdcage,2006,9,sissy sobieski
sissy,sobieski,Mob duffel,2006,7,sissy sobieski
sissy,sobieski,Open african,2006,14,sissy sobieski
sissy,sobieski,Prix undefeated,2006,8,sissy sobieski
sissy,sobieski,Rocky war,2006,7,sissy sobieski
sissy,sobieski,Shrunk divine,2006,1,sissy sobieski
sissy,sobieski,Sky miracle,2006,1,sissy sobieski
sissy,sobieski,Telemark heartbreakers,2006,2,sissy sobieski
sissy,sobieski,Wisdom worker,2006,5,sissy sobieski
tim,hackman,Behavior runaway,2006,11,tim hackman
tim,hackman,Boiled dares,2006,16,tim hackman
tim,hackman,Bucket brotherhood,2006,16,tim hackman
tim,hackman,Calendar gunfight,2006,9,tim hackman
tim,hackman,Chaplin license,2006,13,tim hackman
tim,hackman,Crusade honey,2006,15,tim hackman
tim,hackman,Cupboard sinners,2006,6,tim hackman
tim,hackman,Deep crusade,2006,6,tim hackman
tim,hackman,Feud frogmen,2006,8,tim hackman
tim,hackman,Fiddler lost,2006,14,tim hackman
tim,hackman,Harold french,2006,7,tim hackman
tim,hackman,Homeward cider,2006,6,tim hackman
tim,hackman,Hoosiers birdcage,2006,9,tim hackman
tim,hackman,Lights deer,2006,4,tim hackman
tim,hackman,Meet chocolate,2006,9,tim hackman
tim,hackman,Mob duffel,2006,7,tim hackman
tim,hackman,Mummy creatures,2006,15,tim hackman
tim,hackman,Packer madigan,2006,2,tim hackman
tim,hackman,Peach innocent,2006,15,tim hackman
tim,hackman,Pearl destiny,2006,9,tim hackman
tim,hackman,Snatchers montezuma,2006,4,tim hackman
tim,hackman,Uptown young,2006,3,tim hackman
tim,hackman,Wizard coldblooded,2006,12,tim hackman
milla,peck,Barefoot manchurian,2006,1,milla peck
milla,peck,Calendar gunfight,2006,9,milla peck
milla,peck,Chance resurrection,2006,15,milla peck
milla,peck,Clash freddy,2006,2,milla peck
milla,peck,Daughter madigan,2006,3,milla peck
milla,peck,Dream pickup,2006,1,milla peck
milla,peck,Fatal haunted,2006,13,milla peck
milla,peck,Feathers metal,2006,10,milla peck
milla,peck,Jacket frisco,2006,7,milla peck
milla,peck,Juggler hardly,2006,2,milla peck
milla,peck,Midnight westward,2006,1,milla peck
milla,peck,Necklace outbreak,2006,7,milla peck
milla,peck,Peach innocent,2006,15,milla peck
milla,peck,Prejudice oleander,2006,4,milla peck
milla,peck,Raiders antitrust,2006,6,milla peck
milla,peck,Robbers joon,2006,3,milla peck
milla,peck,Rock instinct,2006,11,milla peck
milla,peck,Rushmore mermaid,2006,5,milla peck
milla,peck,Seattle expecations,2006,7,milla peck
milla,peck,Teen apollo,2006,16,milla peck
milla,peck,Temple attraction,2006,11,milla peck
milla,peck,Watership frontier,2006,11,milla peck
milla,peck,Whisperer giant,2006,14,milla peck
milla,peck,Wrong behavior,2006,3,milla peck
audrey,olivier,Atlantis cause,2006,8,audrey olivier
audrey,olivier,Boulevard mob,2006,13,audrey olivier
audrey,olivier,Caper motions,2006,5,audrey olivier
audrey,olivier,Cassidy wyoming,2006,16,audrey olivier
audrey,olivier,Coneheads smoochy,2006,7,audrey olivier
audrey,olivier,Control anthem,2006,5,audrey olivier
audrey,olivier,Dorado notting,2006,12,audrey olivier
audrey,olivier,French holiday,2006,6,audrey olivier
audrey,olivier,Gunfighter mussolini,2006,15,audrey olivier
audrey,olivier,Halloween nuts,2006,6,audrey olivier
audrey,olivier,Human graffiti,2006,10,audrey olivier
audrey,olivier,Kane exorcist,2006,9,audrey olivier
audrey,olivier,Knock warlock,2006,5,audrey olivier
audrey,olivier,Loathing legally,2006,4,audrey olivier
audrey,olivier,Peak forever,2006,15,audrey olivier
audrey,olivier,Redemption comforts,2006,13,audrey olivier
audrey,olivier,Sense greek,2006,15,audrey olivier
audrey,olivier,Ship wonderland,2006,6,audrey olivier
audrey,olivier,Side ark,2006,1,audrey olivier
audrey,olivier,Squad fish,2006,15,audrey olivier
audrey,olivier,Sting personal,2006,13,audrey olivier
audrey,olivier,Stranger strangers,2006,3,audrey olivier
audrey,olivier,Usual untouchables,2006,9,audrey olivier
audrey,olivier,Volume house,2006,4,audrey olivier
audrey,olivier,Whale bikini,2006,9,audrey olivier
judy,dean,Aladdin calendar,2006,15,judy dean
judy,dean,Arachnophobia rollercoaster,2006,11,judy dean
judy,dean,Ballroom mockingbird,2006,9,judy dean
judy,dean,Cyclone family,2006,9,judy dean
judy,dean,Drop waterfront,2006,15,judy dean
judy,dean,Gunfighter mussolini,2006,15,judy dean
judy,dean,Modern dorado,2006,6,judy dean
judy,dean,Mussolini spoilers,2006,15,judy dean
judy,dean,Nash chocolat,2006,2,judy dean
judy,dean,Quest mussolini,2006,1,judy dean
judy,dean,Rings heartbreakers,2006,1,judy dean
judy,dean,Rocketeer mother,2006,9,judy dean
judy,dean,Rugrats shakespeare,2006,1,judy dean
judy,dean,Soldiers evolution,2006,14,judy dean
judy,dean,Trouble date,2006,16,judy dean
burt,dukakis,Alien center,2006,9,burt dukakis
burt,dukakis,Blindness gun,2006,14,burt dukakis
burt,dukakis,Commandments express,2006,11,burt dukakis
burt,dukakis,Dinosaur secretary,2006,8,burt dukakis
burt,dukakis,Double wrath,2006,2,burt dukakis
burt,dukakis,Ending crowds,2006,13,burt dukakis
burt,dukakis,Greek everyone,2006,9,burt dukakis
burt,dukakis,Grinch massage,2006,10,burt dukakis
burt,dukakis,Gun bonnie,2006,10,burt dukakis
burt,dukakis,Guys falcon,2006,14,burt dukakis
burt,dukakis,Heaven freedom,2006,5,burt dukakis
burt,dukakis,Home pity,2006,12,burt dukakis
burt,dukakis,Homeward cider,2006,6,burt dukakis
burt,dukakis,Image princess,2006,15,burt dukakis
burt,dukakis,Intolerable intentions,2006,6,burt dukakis
burt,dukakis,Jerk paycheck,2006,4,burt dukakis
burt,dukakis,Kane exorcist,2006,9,burt dukakis
burt,dukakis,King evolution,2006,8,burt dukakis
burt,dukakis,Menagerie rushmore,2006,2,burt dukakis
burt,dukakis,Money harold,2006,13,burt dukakis
burt,dukakis,Motions details,2006,11,burt dukakis
burt,dukakis,Random go,2006,14,burt dukakis
burt,dukakis,Range moonwalker,2006,8,burt dukakis
burt,dukakis,Reap unfaithful,2006,11,burt dukakis
burt,dukakis,Right cranes,2006,4,burt dukakis
burt,dukakis,Talented homicide,2006,15,burt dukakis
burt,dukakis,Truman crazy,2006,1,burt dukakis
burt,dukakis,Valentine vanishing,2006,16,burt dukakis
burt,dukakis,Wanda chamber,2006,10,burt dukakis
val,bolger,Aladdin calendar,2006,15,val bolger
val,bolger,Alaska phantom,2006,12,val bolger
val,bolger,Amadeus holy,2006,1,val bolger
val,bolger,Canyon stock,2006,2,val bolger
val,bolger,Caper motions,2006,5,val bolger
val,bolger,Carrie bunch,2006,11,val bolger
val,bolger,Chitty lock,2006,7,val bolger
val,bolger,Dalmations sweden,2006,7,val bolger
val,bolger,Drifter commandments,2006,1,val bolger
val,bolger,Dude blindness,2006,15,val bolger
val,bolger,Elephant trojan,2006,11,val bolger
val,bolger,Fireball philadelphia,2006,5,val bolger
val,bolger,Intrigue worst,2006,9,val bolger
val,bolger,Jawbreaker brooklyn,2006,12,val bolger
val,bolger,Jersey sassy,2006,3,val bolger
val,bolger,Lambs cincinatti,2006,10,val bolger
val,bolger,Lonely elephant,2006,5,val bolger
val,bolger,Maker gables,2006,3,val bolger
val,bolger,Mallrats united,2006,5,val bolger
val,bolger,Metropolis coma,2006,14,val bolger
val,bolger,Model fish,2006,3,val bolger
val,bolger,Paths control,2006,7,val bolger
val,bolger,Patient sister,2006,4,val bolger
val,bolger,Prejudice oleander,2006,4,val bolger
val,bolger,Primary glass,2006,1,val bolger
val,bolger,Shawshank bubble,2006,16,val bolger
val,bolger,Stallion sundance,2006,14,val bolger
val,bolger,Stampede disturbing,2006,10,val bolger
val,bolger,Stranger strangers,2006,3,val bolger
val,bolger,Town ark,2006,9,val bolger
val,bolger,United pilot,2006,6,val bolger
val,bolger,Watch tracy,2006,2,val bolger
val,bolger,Wedding apollo,2006,6,val bolger
val,bolger,Working microcosmos,2006,16,val bolger
val,bolger,Youth kick,2006,12,val bolger
tom,mckellen,Analyze hoosiers,2006,11,tom mckellen
tom,mckellen,Caddyshack jedi,2006,1,tom mckellen
tom,mckellen,Club graffiti,2006,2,tom mckellen
tom,mckellen,Congeniality quest,2006,15,tom mckellen
tom,mckellen,Desire alien,2006,2,tom mckellen
tom,mckellen,Donnie alley,2006,2,tom mckellen
tom,mckellen,Egg igby,2006,6,tom mckellen
tom,mckellen,Freedom cleopatra,2006,5,tom mckellen
tom,mckellen,Frisco forrest,2006,14,tom mckellen
tom,mckellen,Gentlemen stage,2006,9,tom mckellen
tom,mckellen,Idaho love,2006,13,tom mckellen
tom,mckellen,Idols snatchers,2006,3,tom mckellen
tom,mckellen,Indian love,2006,8,tom mckellen
tom,mckellen,Kissing dolls,2006,1,tom mckellen
tom,mckellen,Legend jedi,2006,12,tom mckellen
tom,mckellen,Magic mallrats,2006,3,tom mckellen
tom,mckellen,Mission zoolander,2006,2,tom mckellen
tom,mckellen,Necklace outbreak,2006,7,tom mckellen
tom,mckellen,Neighbors charade,2006,15,tom mckellen
tom,mckellen,Purple movie,2006,9,tom mckellen
tom,mckellen,Shrunk divine,2006,1,tom mckellen
tom,mckellen,Spice sorority,2006,7,tom mckellen
tom,mckellen,Stallion sundance,2006,14,tom mckellen
tom,mckellen,Stranger strangers,2006,3,tom mckellen
tom,mckellen,Tarzan videotape,2006,11,tom mckellen
goldie,brody,Bilko anonymous,2006,8,goldie brody
goldie,brody,Bingo talented,2006,14,goldie brody
goldie,brody,Comancheros enemy,2006,3,goldie brody
goldie,brody,Daisy menagerie,2006,14,goldie brody
goldie,brody,Desert poseidon,2006,11,goldie brody
goldie,brody,Everyone craft,2006,9,goldie brody
goldie,brody,Exorcist sting,2006,15,goldie brody
